dataset	sample	bam	bai	outdir
Arabidopsis_thaliana	ERR1830498	/data1/users/siyangming/PlanteccDNADB/eccDNA_results/Arabidopsis_thaliana/markduplicates/bam/ERR1830498.md.bam	/data1/users/siyangming/PlanteccDNADB/eccDNA_results/Arabidopsis_thaliana/markduplicates/bam/ERR1830498.md.bam.bai	/data1/users/siyangming/PlanteccDNADB/eccDNA_results/Arabidopsis_thaliana/circlefinder
Arabidopsis_thaliana	ERR1830499	/data1/users/siyangming/PlanteccDNADB/eccDNA_results/Arabidopsis_thaliana/markduplicates/bam/ERR1830499.md.bam	/data1/users/siyangming/PlanteccDNADB/eccDNA_results/Arabidopsis_thaliana/markduplicates/bam/ERR1830499.md.bam.bai	/data1/users/siyangming/PlanteccDNADB/eccDNA_results/Arabidopsis_thaliana/circlefinder
Arabidopsis_thaliana	ERR1830500	/data1/users/siyangming/PlanteccDNADB/eccDNA_results/Arabidopsis_thaliana/markduplicates/bam/ERR1830500.md.bam	/data1/users/siyangming/PlanteccDNADB/eccDNA_results/Arabidopsis_thaliana/markduplicates/bam/ERR1830500.md.bam.bai	/data1/users/siyangming/PlanteccDNADB/eccDNA_results/Arabidopsis_thaliana/circlefinder
Arabidopsis_thaliana	ERR1830501	/data1/users/siyangming/PlanteccDNADB/eccDNA_results/Arabidopsis_thaliana/markduplicates/bam/ERR1830501.md.bam	/data1/users/siyangming/PlanteccDNADB/eccDNA_results/Arabidopsis_thaliana/markduplicates/bam/ERR1830501.md.bam.bai	/data1/users/siyangming/PlanteccDNADB/eccDNA_results/Arabidopsis_thaliana/circlefinder
Arabidopsis_thaliana	ERR6326000	/data1/users/siyangming/PlanteccDNADB/eccDNA_results/Arabidopsis_thaliana/markduplicates/bam/ERR6326000.md.bam	/data1/users/siyangming/PlanteccDNADB/eccDNA_results/Arabidopsis_thaliana/markduplicates/bam/ERR6326000.md.bam.bai	/data1/users/siyangming/PlanteccDNADB/eccDNA_results/Arabidopsis_thaliana/circlefinder
Arabidopsis_thaliana	ERR6326075	/data1/users/siyangming/PlanteccDNADB/eccDNA_results/Arabidopsis_thaliana/markduplicates/bam/ERR6326075.md.bam	/data1/users/siyangming/PlanteccDNADB/eccDNA_results/Arabidopsis_thaliana/markduplicates/bam/ERR6326075.md.bam.bai	/data1/users/siyangming/PlanteccDNADB/eccDNA_results/Arabidopsis_thaliana/circlefinder
Arabidopsis_thaliana	ERR6326076	/data1/users/siyangming/PlanteccDNADB/eccDNA_results/Arabidopsis_thaliana/markduplicates/bam/ERR6326076.md.bam	/data1/users/siyangming/PlanteccDNADB/eccDNA_results/Arabidopsis_thaliana/markduplicates/bam/ERR6326076.md.bam.bai	/data1/users/siyangming/PlanteccDNADB/eccDNA_results/Arabidopsis_thaliana/circlefinder
Arabidopsis_thaliana	ERR6326077	/data1/users/siyangming/PlanteccDNADB/eccDNA_results/Arabidopsis_thaliana/markduplicates/bam/ERR6326077.md.bam	/data1/users/siyangming/PlanteccDNADB/eccDNA_results/Arabidopsis_thaliana/markduplicates/bam/ERR6326077.md.bam.bai	/data1/users/siyangming/PlanteccDNADB/eccDNA_results/Arabidopsis_thaliana/circlefinder
Arabidopsis_thaliana	ERR6559223	/data1/users/siyangming/PlanteccDNADB/eccDNA_results/Arabidopsis_thaliana/markduplicates/bam/ERR6559223.md.bam	/data1/users/siyangming/PlanteccDNADB/eccDNA_results/Arabidopsis_thaliana/markduplicates/bam/ERR6559223.md.bam.bai	/data1/users/siyangming/PlanteccDNADB/eccDNA_results/Arabidopsis_thaliana/circlefinder
Arabidopsis_thaliana	ERR9968613	/data1/users/siyangming/PlanteccDNADB/eccDNA_results/Arabidopsis_thaliana/markduplicates/bam/ERR9968613.md.bam	/data1/users/siyangming/PlanteccDNADB/eccDNA_results/Arabidopsis_thaliana/markduplicates/bam/ERR9968613.md.bam.bai	/data1/users/siyangming/PlanteccDNADB/eccDNA_results/Arabidopsis_thaliana/circlefinder
Arabidopsis_thaliana	ERR9968689	/data1/users/siyangming/PlanteccDNADB/eccDNA_results/Arabidopsis_thaliana/markduplicates/bam/ERR9968689.md.bam	/data1/users/siyangming/PlanteccDNADB/eccDNA_results/Arabidopsis_thaliana/markduplicates/bam/ERR9968689.md.bam.bai	/data1/users/siyangming/PlanteccDNADB/eccDNA_results/Arabidopsis_thaliana/circlefinder
Arabidopsis_thaliana	ERR9968690	/data1/users/siyangming/PlanteccDNADB/eccDNA_results/Arabidopsis_thaliana/markduplicates/bam/ERR9968690.md.bam	/data1/users/siyangming/PlanteccDNADB/eccDNA_results/Arabidopsis_thaliana/markduplicates/bam/ERR9968690.md.bam.bai	/data1/users/siyangming/PlanteccDNADB/eccDNA_results/Arabidopsis_thaliana/circlefinder
Arabidopsis_thaliana	ERR9968691	/data1/users/siyangming/PlanteccDNADB/eccDNA_results/Arabidopsis_thaliana/markduplicates/bam/ERR9968691.md.bam	/data1/users/siyangming/PlanteccDNADB/eccDNA_results/Arabidopsis_thaliana/markduplicates/bam/ERR9968691.md.bam.bai	/data1/users/siyangming/PlanteccDNADB/eccDNA_results/Arabidopsis_thaliana/circlefinder
Arabidopsis_thaliana	ERR9968692	/data1/users/siyangming/PlanteccDNADB/eccDNA_results/Arabidopsis_thaliana/markduplicates/bam/ERR9968692.md.bam	/data1/users/siyangming/PlanteccDNADB/eccDNA_results/Arabidopsis_thaliana/markduplicates/bam/ERR9968692.md.bam.bai	/data1/users/siyangming/PlanteccDNADB/eccDNA_results/Arabidopsis_thaliana/circlefinder
Arabidopsis_thaliana	ERR9968693	/data1/users/siyangming/PlanteccDNADB/eccDNA_results/Arabidopsis_thaliana/markduplicates/bam/ERR9968693.md.bam	/data1/users/siyangming/PlanteccDNADB/eccDNA_results/Arabidopsis_thaliana/markduplicates/bam/ERR9968693.md.bam.bai	/data1/users/siyangming/PlanteccDNADB/eccDNA_results/Arabidopsis_thaliana/circlefinder
Arabidopsis_thaliana	SRR10163228	/data1/users/siyangming/PlanteccDNADB/eccDNA_results/Arabidopsis_thaliana/markduplicates/bam/SRR10163228.md.bam	/data1/users/siyangming/PlanteccDNADB/eccDNA_results/Arabidopsis_thaliana/markduplicates/bam/SRR10163228.md.bam.bai	/data1/users/siyangming/PlanteccDNADB/eccDNA_results/Arabidopsis_thaliana/circlefinder
Arabidopsis_thaliana	SRR10163229	/data1/users/siyangming/PlanteccDNADB/eccDNA_results/Arabidopsis_thaliana/markduplicates/bam/SRR10163229.md.bam	/data1/users/siyangming/PlanteccDNADB/eccDNA_results/Arabidopsis_thaliana/markduplicates/bam/SRR10163229.md.bam.bai	/data1/users/siyangming/PlanteccDNADB/eccDNA_results/Arabidopsis_thaliana/circlefinder
Arabidopsis_thaliana	SRR10163230	/data1/users/siyangming/PlanteccDNADB/eccDNA_results/Arabidopsis_thaliana/markduplicates/bam/SRR10163230.md.bam	/data1/users/siyangming/PlanteccDNADB/eccDNA_results/Arabidopsis_thaliana/markduplicates/bam/SRR10163230.md.bam.bai	/data1/users/siyangming/PlanteccDNADB/eccDNA_results/Arabidopsis_thaliana/circlefinder
Arabidopsis_thaliana	SRR10163231	/data1/users/siyangming/PlanteccDNADB/eccDNA_results/Arabidopsis_thaliana/markduplicates/bam/SRR10163231.md.bam	/data1/users/siyangming/PlanteccDNADB/eccDNA_results/Arabidopsis_thaliana/markduplicates/bam/SRR10163231.md.bam.bai	/data1/users/siyangming/PlanteccDNADB/eccDNA_results/Arabidopsis_thaliana/circlefinder
Arabidopsis_thaliana	SRR10163232	/data1/users/siyangming/PlanteccDNADB/eccDNA_results/Arabidopsis_thaliana/markduplicates/bam/SRR10163232.md.bam	/data1/users/siyangming/PlanteccDNADB/eccDNA_results/Arabidopsis_thaliana/markduplicates/bam/SRR10163232.md.bam.bai	/data1/users/siyangming/PlanteccDNADB/eccDNA_results/Arabidopsis_thaliana/circlefinder
Arabidopsis_thaliana	SRR10163233	/data1/users/siyangming/PlanteccDNADB/eccDNA_results/Arabidopsis_thaliana/markduplicates/bam/SRR10163233.md.bam	/data1/users/siyangming/PlanteccDNADB/eccDNA_results/Arabidopsis_thaliana/markduplicates/bam/SRR10163233.md.bam.bai	/data1/users/siyangming/PlanteccDNADB/eccDNA_results/Arabidopsis_thaliana/circlefinder
Arabidopsis_thaliana	SRR10163234	/data1/users/siyangming/PlanteccDNADB/eccDNA_results/Arabidopsis_thaliana/markduplicates/bam/SRR10163234.md.bam	/data1/users/siyangming/PlanteccDNADB/eccDNA_results/Arabidopsis_thaliana/markduplicates/bam/SRR10163234.md.bam.bai	/data1/users/siyangming/PlanteccDNADB/eccDNA_results/Arabidopsis_thaliana/circlefinder
Arabidopsis_thaliana	SRR10163235	/data1/users/siyangming/PlanteccDNADB/eccDNA_results/Arabidopsis_thaliana/markduplicates/bam/SRR10163235.md.bam	/data1/users/siyangming/PlanteccDNADB/eccDNA_results/Arabidopsis_thaliana/markduplicates/bam/SRR10163235.md.bam.bai	/data1/users/siyangming/PlanteccDNADB/eccDNA_results/Arabidopsis_thaliana/circlefinder
Arabidopsis_thaliana	SRR10163236	/data1/users/siyangming/PlanteccDNADB/eccDNA_results/Arabidopsis_thaliana/markduplicates/bam/SRR10163236.md.bam	/data1/users/siyangming/PlanteccDNADB/eccDNA_results/Arabidopsis_thaliana/markduplicates/bam/SRR10163236.md.bam.bai	/data1/users/siyangming/PlanteccDNADB/eccDNA_results/Arabidopsis_thaliana/circlefinder
Arabidopsis_thaliana	SRR10163237	/data1/users/siyangming/PlanteccDNADB/eccDNA_results/Arabidopsis_thaliana/markduplicates/bam/SRR10163237.md.bam	/data1/users/siyangming/PlanteccDNADB/eccDNA_results/Arabidopsis_thaliana/markduplicates/bam/SRR10163237.md.bam.bai	/data1/users/siyangming/PlanteccDNADB/eccDNA_results/Arabidopsis_thaliana/circlefinder
Arabidopsis_thaliana	SRR10163238	/data1/users/siyangming/PlanteccDNADB/eccDNA_results/Arabidopsis_thaliana/markduplicates/bam/SRR10163238.md.bam	/data1/users/siyangming/PlanteccDNADB/eccDNA_results/Arabidopsis_thaliana/markduplicates/bam/SRR10163238.md.bam.bai	/data1/users/siyangming/PlanteccDNADB/eccDNA_results/Arabidopsis_thaliana/circlefinder
Arabidopsis_thaliana	SRR10163239	/data1/users/siyangming/PlanteccDNADB/eccDNA_results/Arabidopsis_thaliana/markduplicates/bam/SRR10163239.md.bam	/data1/users/siyangming/PlanteccDNADB/eccDNA_results/Arabidopsis_thaliana/markduplicates/bam/SRR10163239.md.bam.bai	/data1/users/siyangming/PlanteccDNADB/eccDNA_results/Arabidopsis_thaliana/circlefinder
Arabidopsis_thaliana	SRR24335743	/data1/users/siyangming/PlanteccDNADB/eccDNA_results/Arabidopsis_thaliana/markduplicates/bam/SRR24335743.md.bam	/data1/users/siyangming/PlanteccDNADB/eccDNA_results/Arabidopsis_thaliana/markduplicates/bam/SRR24335743.md.bam.bai	/data1/users/siyangming/PlanteccDNADB/eccDNA_results/Arabidopsis_thaliana/circlefinder
Arabidopsis_thaliana	SRR24335744	/data1/users/siyangming/PlanteccDNADB/eccDNA_results/Arabidopsis_thaliana/markduplicates/bam/SRR24335744.md.bam	/data1/users/siyangming/PlanteccDNADB/eccDNA_results/Arabidopsis_thaliana/markduplicates/bam/SRR24335744.md.bam.bai	/data1/users/siyangming/PlanteccDNADB/eccDNA_results/Arabidopsis_thaliana/circlefinder
Arabidopsis_thaliana	SRR24335745	/data1/users/siyangming/PlanteccDNADB/eccDNA_results/Arabidopsis_thaliana/markduplicates/bam/SRR24335745.md.bam	/data1/users/siyangming/PlanteccDNADB/eccDNA_results/Arabidopsis_thaliana/markduplicates/bam/SRR24335745.md.bam.bai	/data1/users/siyangming/PlanteccDNADB/eccDNA_results/Arabidopsis_thaliana/circlefinder
Arabidopsis_thaliana	SRR24335746	/data1/users/siyangming/PlanteccDNADB/eccDNA_results/Arabidopsis_thaliana/markduplicates/bam/SRR24335746.md.bam	/data1/users/siyangming/PlanteccDNADB/eccDNA_results/Arabidopsis_thaliana/markduplicates/bam/SRR24335746.md.bam.bai	/data1/users/siyangming/PlanteccDNADB/eccDNA_results/Arabidopsis_thaliana/circlefinder
Arabidopsis_thaliana	SRR24335747	/data1/users/siyangming/PlanteccDNADB/eccDNA_results/Arabidopsis_thaliana/markduplicates/bam/SRR24335747.md.bam	/data1/users/siyangming/PlanteccDNADB/eccDNA_results/Arabidopsis_thaliana/markduplicates/bam/SRR24335747.md.bam.bai	/data1/users/siyangming/PlanteccDNADB/eccDNA_results/Arabidopsis_thaliana/circlefinder
Arabidopsis_thaliana	SRR24335748	/data1/users/siyangming/PlanteccDNADB/eccDNA_results/Arabidopsis_thaliana/markduplicates/bam/SRR24335748.md.bam	/data1/users/siyangming/PlanteccDNADB/eccDNA_results/Arabidopsis_thaliana/markduplicates/bam/SRR24335748.md.bam.bai	/data1/users/siyangming/PlanteccDNADB/eccDNA_results/Arabidopsis_thaliana/circlefinder
Arabidopsis_thaliana	SRR24335752	/data1/users/siyangming/PlanteccDNADB/eccDNA_results/Arabidopsis_thaliana/markduplicates/bam/SRR24335752.md.bam	/data1/users/siyangming/PlanteccDNADB/eccDNA_results/Arabidopsis_thaliana/markduplicates/bam/SRR24335752.md.bam.bai	/data1/users/siyangming/PlanteccDNADB/eccDNA_results/Arabidopsis_thaliana/circlefinder
Arabidopsis_thaliana	SRR24335763	/data1/users/siyangming/PlanteccDNADB/eccDNA_results/Arabidopsis_thaliana/markduplicates/bam/SRR24335763.md.bam	/data1/users/siyangming/PlanteccDNADB/eccDNA_results/Arabidopsis_thaliana/markduplicates/bam/SRR24335763.md.bam.bai	/data1/users/siyangming/PlanteccDNADB/eccDNA_results/Arabidopsis_thaliana/circlefinder
Arabidopsis_thaliana	SRR24335766	/data1/users/siyangming/PlanteccDNADB/eccDNA_results/Arabidopsis_thaliana/markduplicates/bam/SRR24335766.md.bam	/data1/users/siyangming/PlanteccDNADB/eccDNA_results/Arabidopsis_thaliana/markduplicates/bam/SRR24335766.md.bam.bai	/data1/users/siyangming/PlanteccDNADB/eccDNA_results/Arabidopsis_thaliana/circlefinder
Arabidopsis_thaliana	SRR24335767	/data1/users/siyangming/PlanteccDNADB/eccDNA_results/Arabidopsis_thaliana/markduplicates/bam/SRR24335767.md.bam	/data1/users/siyangming/PlanteccDNADB/eccDNA_results/Arabidopsis_thaliana/markduplicates/bam/SRR24335767.md.bam.bai	/data1/users/siyangming/PlanteccDNADB/eccDNA_results/Arabidopsis_thaliana/circlefinder
Arabidopsis_thaliana	SRR24335768	/data1/users/siyangming/PlanteccDNADB/eccDNA_results/Arabidopsis_thaliana/markduplicates/bam/SRR24335768.md.bam	/data1/users/siyangming/PlanteccDNADB/eccDNA_results/Arabidopsis_thaliana/markduplicates/bam/SRR24335768.md.bam.bai	/data1/users/siyangming/PlanteccDNADB/eccDNA_results/Arabidopsis_thaliana/circlefinder
Arabidopsis_thaliana	SRR24335769	/data1/users/siyangming/PlanteccDNADB/eccDNA_results/Arabidopsis_thaliana/markduplicates/bam/SRR24335769.md.bam	/data1/users/siyangming/PlanteccDNADB/eccDNA_results/Arabidopsis_thaliana/markduplicates/bam/SRR24335769.md.bam.bai	/data1/users/siyangming/PlanteccDNADB/eccDNA_results/Arabidopsis_thaliana/circlefinder
Arabidopsis_thaliana	SRR24335770	/data1/users/siyangming/PlanteccDNADB/eccDNA_results/Arabidopsis_thaliana/markduplicates/bam/SRR24335770.md.bam	/data1/users/siyangming/PlanteccDNADB/eccDNA_results/Arabidopsis_thaliana/markduplicates/bam/SRR24335770.md.bam.bai	/data1/users/siyangming/PlanteccDNADB/eccDNA_results/Arabidopsis_thaliana/circlefinder
Arabidopsis_thaliana	SRR24335771	/data1/users/siyangming/PlanteccDNADB/eccDNA_results/Arabidopsis_thaliana/markduplicates/bam/SRR24335771.md.bam	/data1/users/siyangming/PlanteccDNADB/eccDNA_results/Arabidopsis_thaliana/markduplicates/bam/SRR24335771.md.bam.bai	/data1/users/siyangming/PlanteccDNADB/eccDNA_results/Arabidopsis_thaliana/circlefinder
Arabidopsis_thaliana	SRR24335772	/data1/users/siyangming/PlanteccDNADB/eccDNA_results/Arabidopsis_thaliana/markduplicates/bam/SRR24335772.md.bam	/data1/users/siyangming/PlanteccDNADB/eccDNA_results/Arabidopsis_thaliana/markduplicates/bam/SRR24335772.md.bam.bai	/data1/users/siyangming/PlanteccDNADB/eccDNA_results/Arabidopsis_thaliana/circlefinder
Arabidopsis_thaliana	SRR24335773	/data1/users/siyangming/PlanteccDNADB/eccDNA_results/Arabidopsis_thaliana/markduplicates/bam/SRR24335773.md.bam	/data1/users/siyangming/PlanteccDNADB/eccDNA_results/Arabidopsis_thaliana/markduplicates/bam/SRR24335773.md.bam.bai	/data1/users/siyangming/PlanteccDNADB/eccDNA_results/Arabidopsis_thaliana/circlefinder
Arabidopsis_thaliana	SRR24335774	/data1/users/siyangming/PlanteccDNADB/eccDNA_results/Arabidopsis_thaliana/markduplicates/bam/SRR24335774.md.bam	/data1/users/siyangming/PlanteccDNADB/eccDNA_results/Arabidopsis_thaliana/markduplicates/bam/SRR24335774.md.bam.bai	/data1/users/siyangming/PlanteccDNADB/eccDNA_results/Arabidopsis_thaliana/circlefinder
Arabidopsis_thaliana	SRR24335775	/data1/users/siyangming/PlanteccDNADB/eccDNA_results/Arabidopsis_thaliana/markduplicates/bam/SRR24335775.md.bam	/data1/users/siyangming/PlanteccDNADB/eccDNA_results/Arabidopsis_thaliana/markduplicates/bam/SRR24335775.md.bam.bai	/data1/users/siyangming/PlanteccDNADB/eccDNA_results/Arabidopsis_thaliana/circlefinder
Artemisia_annua	ERR11535563	/data1/users/siyangming/PlanteccDNADB/eccDNA_results/Artemisia_annua/markduplicates/bam/ERR11535563.md.bam	/data1/users/siyangming/PlanteccDNADB/eccDNA_results/Artemisia_annua/markduplicates/bam/ERR11535563.md.bam.bai	/data1/users/siyangming/PlanteccDNADB/eccDNA_results/Artemisia_annua/circlefinder
Artemisia_annua	ERR11535564	/data1/users/siyangming/PlanteccDNADB/eccDNA_results/Artemisia_annua/markduplicates/bam/ERR11535564.md.bam	/data1/users/siyangming/PlanteccDNADB/eccDNA_results/Artemisia_annua/markduplicates/bam/ERR11535564.md.bam.bai	/data1/users/siyangming/PlanteccDNADB/eccDNA_results/Artemisia_annua/circlefinder
Artemisia_annua	ERR11535565	/data1/users/siyangming/PlanteccDNADB/eccDNA_results/Artemisia_annua/markduplicates/bam/ERR11535565.md.bam	/data1/users/siyangming/PlanteccDNADB/eccDNA_results/Artemisia_annua/markduplicates/bam/ERR11535565.md.bam.bai	/data1/users/siyangming/PlanteccDNADB/eccDNA_results/Artemisia_annua/circlefinder
Beta_vulgaris	ERR6004146	/data1/users/siyangming/PlanteccDNADB/eccDNA_results/Beta_vulgaris/markduplicates/bam/ERR6004146.md.bam	/data1/users/siyangming/PlanteccDNADB/eccDNA_results/Beta_vulgaris/markduplicates/bam/ERR6004146.md.bam.bai	/data1/users/siyangming/PlanteccDNADB/eccDNA_results/Beta_vulgaris/circlefinder
Cynodon_dactylon	CRR3168885	/data1/users/siyangming/PlanteccDNADB/eccDNA_results/Cynodon_dactylon/markduplicates/bam/CRR3168885.md.bam	/data1/users/siyangming/PlanteccDNADB/eccDNA_results/Cynodon_dactylon/markduplicates/bam/CRR3168885.md.bam.bai	/data1/users/siyangming/PlanteccDNADB/eccDNA_results/Cynodon_dactylon/circlefinder
Cynodon_dactylon	CRR3168886	/data1/users/siyangming/PlanteccDNADB/eccDNA_results/Cynodon_dactylon/markduplicates/bam/CRR3168886.md.bam	/data1/users/siyangming/PlanteccDNADB/eccDNA_results/Cynodon_dactylon/markduplicates/bam/CRR3168886.md.bam.bai	/data1/users/siyangming/PlanteccDNADB/eccDNA_results/Cynodon_dactylon/circlefinder
Cynodon_dactylon	CRR3168887	/data1/users/siyangming/PlanteccDNADB/eccDNA_results/Cynodon_dactylon/markduplicates/bam/CRR3168887.md.bam	/data1/users/siyangming/PlanteccDNADB/eccDNA_results/Cynodon_dactylon/markduplicates/bam/CRR3168887.md.bam.bai	/data1/users/siyangming/PlanteccDNADB/eccDNA_results/Cynodon_dactylon/circlefinder
Cynodon_dactylon	CRR3168888	/data1/users/siyangming/PlanteccDNADB/eccDNA_results/Cynodon_dactylon/markduplicates/bam/CRR3168888.md.bam	/data1/users/siyangming/PlanteccDNADB/eccDNA_results/Cynodon_dactylon/markduplicates/bam/CRR3168888.md.bam.bai	/data1/users/siyangming/PlanteccDNADB/eccDNA_results/Cynodon_dactylon/circlefinder
Cynodon_dactylon	CRR3168889	/data1/users/siyangming/PlanteccDNADB/eccDNA_results/Cynodon_dactylon/markduplicates/bam/CRR3168889.md.bam	/data1/users/siyangming/PlanteccDNADB/eccDNA_results/Cynodon_dactylon/markduplicates/bam/CRR3168889.md.bam.bai	/data1/users/siyangming/PlanteccDNADB/eccDNA_results/Cynodon_dactylon/circlefinder
Cynodon_dactylon	CRR3168890	/data1/users/siyangming/PlanteccDNADB/eccDNA_results/Cynodon_dactylon/markduplicates/bam/CRR3168890.md.bam	/data1/users/siyangming/PlanteccDNADB/eccDNA_results/Cynodon_dactylon/markduplicates/bam/CRR3168890.md.bam.bai	/data1/users/siyangming/PlanteccDNADB/eccDNA_results/Cynodon_dactylon/circlefinder
Daucus_carota	SRR13922189	/data1/users/siyangming/PlanteccDNADB/eccDNA_results/Daucus_carota/markduplicates/bam/SRR13922189.md.bam	/data1/users/siyangming/PlanteccDNADB/eccDNA_results/Daucus_carota/markduplicates/bam/SRR13922189.md.bam.bai	/data1/users/siyangming/PlanteccDNADB/eccDNA_results/Daucus_carota/circlefinder
Daucus_carota	SRR13922190	/data1/users/siyangming/PlanteccDNADB/eccDNA_results/Daucus_carota/markduplicates/bam/SRR13922190.md.bam	/data1/users/siyangming/PlanteccDNADB/eccDNA_results/Daucus_carota/markduplicates/bam/SRR13922190.md.bam.bai	/data1/users/siyangming/PlanteccDNADB/eccDNA_results/Daucus_carota/circlefinder
Daucus_carota	SRR13922191	/data1/users/siyangming/PlanteccDNADB/eccDNA_results/Daucus_carota/markduplicates/bam/SRR13922191.md.bam	/data1/users/siyangming/PlanteccDNADB/eccDNA_results/Daucus_carota/markduplicates/bam/SRR13922191.md.bam.bai	/data1/users/siyangming/PlanteccDNADB/eccDNA_results/Daucus_carota/circlefinder
Daucus_carota	SRR13922192	/data1/users/siyangming/PlanteccDNADB/eccDNA_results/Daucus_carota/markduplicates/bam/SRR13922192.md.bam	/data1/users/siyangming/PlanteccDNADB/eccDNA_results/Daucus_carota/markduplicates/bam/SRR13922192.md.bam.bai	/data1/users/siyangming/PlanteccDNADB/eccDNA_results/Daucus_carota/circlefinder
Lycium_ruthenicum	CRR1082975	/data1/users/siyangming/PlanteccDNADB/eccDNA_results/Lycium_ruthenicum/markduplicates/bam/CRR1082975.md.bam	/data1/users/siyangming/PlanteccDNADB/eccDNA_results/Lycium_ruthenicum/markduplicates/bam/CRR1082975.md.bam.bai	/data1/users/siyangming/PlanteccDNADB/eccDNA_results/Lycium_ruthenicum/circlefinder
Lycium_ruthenicum	CRR1082976	/data1/users/siyangming/PlanteccDNADB/eccDNA_results/Lycium_ruthenicum/markduplicates/bam/CRR1082976.md.bam	/data1/users/siyangming/PlanteccDNADB/eccDNA_results/Lycium_ruthenicum/markduplicates/bam/CRR1082976.md.bam.bai	/data1/users/siyangming/PlanteccDNADB/eccDNA_results/Lycium_ruthenicum/circlefinder
Nicotiana_benthamiana	SRR32429746	/data1/users/siyangming/PlanteccDNADB/eccDNA_results/Nicotiana_benthamiana/markduplicates/bam/SRR32429746.md.bam	/data1/users/siyangming/PlanteccDNADB/eccDNA_results/Nicotiana_benthamiana/markduplicates/bam/SRR32429746.md.bam.bai	/data1/users/siyangming/PlanteccDNADB/eccDNA_results/Nicotiana_benthamiana/circlefinder
Nicotiana_benthamiana	SRR32429747	/data1/users/siyangming/PlanteccDNADB/eccDNA_results/Nicotiana_benthamiana/markduplicates/bam/SRR32429747.md.bam	/data1/users/siyangming/PlanteccDNADB/eccDNA_results/Nicotiana_benthamiana/markduplicates/bam/SRR32429747.md.bam.bai	/data1/users/siyangming/PlanteccDNADB/eccDNA_results/Nicotiana_benthamiana/circlefinder
Nicotiana_benthamiana	SRR32429748	/data1/users/siyangming/PlanteccDNADB/eccDNA_results/Nicotiana_benthamiana/markduplicates/bam/SRR32429748.md.bam	/data1/users/siyangming/PlanteccDNADB/eccDNA_results/Nicotiana_benthamiana/markduplicates/bam/SRR32429748.md.bam.bai	/data1/users/siyangming/PlanteccDNADB/eccDNA_results/Nicotiana_benthamiana/circlefinder
Oryza_sativa	ERR10889838	/data1/users/siyangming/PlanteccDNADB/eccDNA_results/Oryza_sativa/markduplicates/bam/ERR10889838.md.bam	/data1/users/siyangming/PlanteccDNADB/eccDNA_results/Oryza_sativa/markduplicates/bam/ERR10889838.md.bam.bai	/data1/users/siyangming/PlanteccDNADB/eccDNA_results/Oryza_sativa/circlefinder
Oryza_sativa	ERR10889842	/data1/users/siyangming/PlanteccDNADB/eccDNA_results/Oryza_sativa/markduplicates/bam/ERR10889842.md.bam	/data1/users/siyangming/PlanteccDNADB/eccDNA_results/Oryza_sativa/markduplicates/bam/ERR10889842.md.bam.bai	/data1/users/siyangming/PlanteccDNADB/eccDNA_results/Oryza_sativa/circlefinder
Oryza_sativa	ERR10889843	/data1/users/siyangming/PlanteccDNADB/eccDNA_results/Oryza_sativa/markduplicates/bam/ERR10889843.md.bam	/data1/users/siyangming/PlanteccDNADB/eccDNA_results/Oryza_sativa/markduplicates/bam/ERR10889843.md.bam.bai	/data1/users/siyangming/PlanteccDNADB/eccDNA_results/Oryza_sativa/circlefinder
Oryza_sativa	ERR10889848	/data1/users/siyangming/PlanteccDNADB/eccDNA_results/Oryza_sativa/markduplicates/bam/ERR10889848.md.bam	/data1/users/siyangming/PlanteccDNADB/eccDNA_results/Oryza_sativa/markduplicates/bam/ERR10889848.md.bam.bai	/data1/users/siyangming/PlanteccDNADB/eccDNA_results/Oryza_sativa/circlefinder
Oryza_sativa	ERR10889849	/data1/users/siyangming/PlanteccDNADB/eccDNA_results/Oryza_sativa/markduplicates/bam/ERR10889849.md.bam	/data1/users/siyangming/PlanteccDNADB/eccDNA_results/Oryza_sativa/markduplicates/bam/ERR10889849.md.bam.bai	/data1/users/siyangming/PlanteccDNADB/eccDNA_results/Oryza_sativa/circlefinder
Oryza_sativa	ERR10889850	/data1/users/siyangming/PlanteccDNADB/eccDNA_results/Oryza_sativa/markduplicates/bam/ERR10889850.md.bam	/data1/users/siyangming/PlanteccDNADB/eccDNA_results/Oryza_sativa/markduplicates/bam/ERR10889850.md.bam.bai	/data1/users/siyangming/PlanteccDNADB/eccDNA_results/Oryza_sativa/circlefinder
Oryza_sativa	ERR10889851	/data1/users/siyangming/PlanteccDNADB/eccDNA_results/Oryza_sativa/markduplicates/bam/ERR10889851.md.bam	/data1/users/siyangming/PlanteccDNADB/eccDNA_results/Oryza_sativa/markduplicates/bam/ERR10889851.md.bam.bai	/data1/users/siyangming/PlanteccDNADB/eccDNA_results/Oryza_sativa/circlefinder
Oryza_sativa	ERR10889852	/data1/users/siyangming/PlanteccDNADB/eccDNA_results/Oryza_sativa/markduplicates/bam/ERR10889852.md.bam	/data1/users/siyangming/PlanteccDNADB/eccDNA_results/Oryza_sativa/markduplicates/bam/ERR10889852.md.bam.bai	/data1/users/siyangming/PlanteccDNADB/eccDNA_results/Oryza_sativa/circlefinder
Oryza_sativa	ERR10889853	/data1/users/siyangming/PlanteccDNADB/eccDNA_results/Oryza_sativa/markduplicates/bam/ERR10889853.md.bam	/data1/users/siyangming/PlanteccDNADB/eccDNA_results/Oryza_sativa/markduplicates/bam/ERR10889853.md.bam.bai	/data1/users/siyangming/PlanteccDNADB/eccDNA_results/Oryza_sativa/circlefinder
Oryza_sativa	ERR10889854	/data1/users/siyangming/PlanteccDNADB/eccDNA_results/Oryza_sativa/markduplicates/bam/ERR10889854.md.bam	/data1/users/siyangming/PlanteccDNADB/eccDNA_results/Oryza_sativa/markduplicates/bam/ERR10889854.md.bam.bai	/data1/users/siyangming/PlanteccDNADB/eccDNA_results/Oryza_sativa/circlefinder
Oryza_sativa	ERR10889855	/data1/users/siyangming/PlanteccDNADB/eccDNA_results/Oryza_sativa/markduplicates/bam/ERR10889855.md.bam	/data1/users/siyangming/PlanteccDNADB/eccDNA_results/Oryza_sativa/markduplicates/bam/ERR10889855.md.bam.bai	/data1/users/siyangming/PlanteccDNADB/eccDNA_results/Oryza_sativa/circlefinder
Oryza_sativa	ERR12389800	/data1/users/siyangming/PlanteccDNADB/eccDNA_results/Oryza_sativa/markduplicates/bam/ERR12389800.md.bam	/data1/users/siyangming/PlanteccDNADB/eccDNA_results/Oryza_sativa/markduplicates/bam/ERR12389800.md.bam.bai	/data1/users/siyangming/PlanteccDNADB/eccDNA_results/Oryza_sativa/circlefinder
Oryza_sativa	ERR12389801	/data1/users/siyangming/PlanteccDNADB/eccDNA_results/Oryza_sativa/markduplicates/bam/ERR12389801.md.bam	/data1/users/siyangming/PlanteccDNADB/eccDNA_results/Oryza_sativa/markduplicates/bam/ERR12389801.md.bam.bai	/data1/users/siyangming/PlanteccDNADB/eccDNA_results/Oryza_sativa/circlefinder
Oryza_sativa	ERR12389802	/data1/users/siyangming/PlanteccDNADB/eccDNA_results/Oryza_sativa/markduplicates/bam/ERR12389802.md.bam	/data1/users/siyangming/PlanteccDNADB/eccDNA_results/Oryza_sativa/markduplicates/bam/ERR12389802.md.bam.bai	/data1/users/siyangming/PlanteccDNADB/eccDNA_results/Oryza_sativa/circlefinder
Oryza_sativa	ERR12389803	/data1/users/siyangming/PlanteccDNADB/eccDNA_results/Oryza_sativa/markduplicates/bam/ERR12389803.md.bam	/data1/users/siyangming/PlanteccDNADB/eccDNA_results/Oryza_sativa/markduplicates/bam/ERR12389803.md.bam.bai	/data1/users/siyangming/PlanteccDNADB/eccDNA_results/Oryza_sativa/circlefinder
Oryza_sativa	ERR12389804	/data1/users/siyangming/PlanteccDNADB/eccDNA_results/Oryza_sativa/markduplicates/bam/ERR12389804.md.bam	/data1/users/siyangming/PlanteccDNADB/eccDNA_results/Oryza_sativa/markduplicates/bam/ERR12389804.md.bam.bai	/data1/users/siyangming/PlanteccDNADB/eccDNA_results/Oryza_sativa/circlefinder
Oryza_sativa	ERR12389805	/data1/users/siyangming/PlanteccDNADB/eccDNA_results/Oryza_sativa/markduplicates/bam/ERR12389805.md.bam	/data1/users/siyangming/PlanteccDNADB/eccDNA_results/Oryza_sativa/markduplicates/bam/ERR12389805.md.bam.bai	/data1/users/siyangming/PlanteccDNADB/eccDNA_results/Oryza_sativa/circlefinder
Oryza_sativa	ERR12389806	/data1/users/siyangming/PlanteccDNADB/eccDNA_results/Oryza_sativa/markduplicates/bam/ERR12389806.md.bam	/data1/users/siyangming/PlanteccDNADB/eccDNA_results/Oryza_sativa/markduplicates/bam/ERR12389806.md.bam.bai	/data1/users/siyangming/PlanteccDNADB/eccDNA_results/Oryza_sativa/circlefinder
Oryza_sativa	ERR12389807	/data1/users/siyangming/PlanteccDNADB/eccDNA_results/Oryza_sativa/markduplicates/bam/ERR12389807.md.bam	/data1/users/siyangming/PlanteccDNADB/eccDNA_results/Oryza_sativa/markduplicates/bam/ERR12389807.md.bam.bai	/data1/users/siyangming/PlanteccDNADB/eccDNA_results/Oryza_sativa/circlefinder
Oryza_sativa	ERR12389808	/data1/users/siyangming/PlanteccDNADB/eccDNA_results/Oryza_sativa/markduplicates/bam/ERR12389808.md.bam	/data1/users/siyangming/PlanteccDNADB/eccDNA_results/Oryza_sativa/markduplicates/bam/ERR12389808.md.bam.bai	/data1/users/siyangming/PlanteccDNADB/eccDNA_results/Oryza_sativa/circlefinder
Oryza_sativa	ERR1830502	/data1/users/siyangming/PlanteccDNADB/eccDNA_results/Oryza_sativa/markduplicates/bam/ERR1830502.md.bam	/data1/users/siyangming/PlanteccDNADB/eccDNA_results/Oryza_sativa/markduplicates/bam/ERR1830502.md.bam.bai	/data1/users/siyangming/PlanteccDNADB/eccDNA_results/Oryza_sativa/circlefinder
Oryza_sativa	ERR1830503	/data1/users/siyangming/PlanteccDNADB/eccDNA_results/Oryza_sativa/markduplicates/bam/ERR1830503.md.bam	/data1/users/siyangming/PlanteccDNADB/eccDNA_results/Oryza_sativa/markduplicates/bam/ERR1830503.md.bam.bai	/data1/users/siyangming/PlanteccDNADB/eccDNA_results/Oryza_sativa/circlefinder
Oryza_sativa	ERR1830504	/data1/users/siyangming/PlanteccDNADB/eccDNA_results/Oryza_sativa/markduplicates/bam/ERR1830504.md.bam	/data1/users/siyangming/PlanteccDNADB/eccDNA_results/Oryza_sativa/markduplicates/bam/ERR1830504.md.bam.bai	/data1/users/siyangming/PlanteccDNADB/eccDNA_results/Oryza_sativa/circlefinder
Oryza_sativa	ERR1830505	/data1/users/siyangming/PlanteccDNADB/eccDNA_results/Oryza_sativa/markduplicates/bam/ERR1830505.md.bam	/data1/users/siyangming/PlanteccDNADB/eccDNA_results/Oryza_sativa/markduplicates/bam/ERR1830505.md.bam.bai	/data1/users/siyangming/PlanteccDNADB/eccDNA_results/Oryza_sativa/circlefinder
Oryza_sativa	ERR1830506	/data1/users/siyangming/PlanteccDNADB/eccDNA_results/Oryza_sativa/markduplicates/bam/ERR1830506.md.bam	/data1/users/siyangming/PlanteccDNADB/eccDNA_results/Oryza_sativa/markduplicates/bam/ERR1830506.md.bam.bai	/data1/users/siyangming/PlanteccDNADB/eccDNA_results/Oryza_sativa/circlefinder
Oryza_sativa	ERR1830507	/data1/users/siyangming/PlanteccDNADB/eccDNA_results/Oryza_sativa/markduplicates/bam/ERR1830507.md.bam	/data1/users/siyangming/PlanteccDNADB/eccDNA_results/Oryza_sativa/markduplicates/bam/ERR1830507.md.bam.bai	/data1/users/siyangming/PlanteccDNADB/eccDNA_results/Oryza_sativa/circlefinder
Oryza_sativa	ERR1830508	/data1/users/siyangming/PlanteccDNADB/eccDNA_results/Oryza_sativa/markduplicates/bam/ERR1830508.md.bam	/data1/users/siyangming/PlanteccDNADB/eccDNA_results/Oryza_sativa/markduplicates/bam/ERR1830508.md.bam.bai	/data1/users/siyangming/PlanteccDNADB/eccDNA_results/Oryza_sativa/circlefinder
Oryza_sativa	SRR5051136	/data1/users/siyangming/PlanteccDNADB/eccDNA_results/Oryza_sativa/markduplicates/bam/SRR5051136.md.bam	/data1/users/siyangming/PlanteccDNADB/eccDNA_results/Oryza_sativa/markduplicates/bam/SRR5051136.md.bam.bai	/data1/users/siyangming/PlanteccDNADB/eccDNA_results/Oryza_sativa/circlefinder
Oryza_sativa	SRR5051137	/data1/users/siyangming/PlanteccDNADB/eccDNA_results/Oryza_sativa/markduplicates/bam/SRR5051137.md.bam	/data1/users/siyangming/PlanteccDNADB/eccDNA_results/Oryza_sativa/markduplicates/bam/SRR5051137.md.bam.bai	/data1/users/siyangming/PlanteccDNADB/eccDNA_results/Oryza_sativa/circlefinder
Oryza_sativa	SRR5051138	/data1/users/siyangming/PlanteccDNADB/eccDNA_results/Oryza_sativa/markduplicates/bam/SRR5051138.md.bam	/data1/users/siyangming/PlanteccDNADB/eccDNA_results/Oryza_sativa/markduplicates/bam/SRR5051138.md.bam.bai	/data1/users/siyangming/PlanteccDNADB/eccDNA_results/Oryza_sativa/circlefinder
Oryza_sativa	SRR5051139	/data1/users/siyangming/PlanteccDNADB/eccDNA_results/Oryza_sativa/markduplicates/bam/SRR5051139.md.bam	/data1/users/siyangming/PlanteccDNADB/eccDNA_results/Oryza_sativa/markduplicates/bam/SRR5051139.md.bam.bai	/data1/users/siyangming/PlanteccDNADB/eccDNA_results/Oryza_sativa/circlefinder
Oryza_sativa	ecc-ct-L1	/data1/users/siyangming/PlanteccDNADB/eccDNA_results/Oryza_sativa/markduplicates/bam/ecc-ct-L1.md.bam	/data1/users/siyangming/PlanteccDNADB/eccDNA_results/Oryza_sativa/markduplicates/bam/ecc-ct-L1.md.bam.bai	/data1/users/siyangming/PlanteccDNADB/eccDNA_results/Oryza_sativa/circlefinder
Oryza_sativa	ecc-ct-L2	/data1/users/siyangming/PlanteccDNADB/eccDNA_results/Oryza_sativa/markduplicates/bam/ecc-ct-L2.md.bam	/data1/users/siyangming/PlanteccDNADB/eccDNA_results/Oryza_sativa/markduplicates/bam/ecc-ct-L2.md.bam.bai	/data1/users/siyangming/PlanteccDNADB/eccDNA_results/Oryza_sativa/circlefinder
Oryza_sativa	ecc-ct-R1	/data1/users/siyangming/PlanteccDNADB/eccDNA_results/Oryza_sativa/markduplicates/bam/ecc-ct-R1.md.bam	/data1/users/siyangming/PlanteccDNADB/eccDNA_results/Oryza_sativa/markduplicates/bam/ecc-ct-R1.md.bam.bai	/data1/users/siyangming/PlanteccDNADB/eccDNA_results/Oryza_sativa/circlefinder
Oryza_sativa	ecc-ct-R2	/data1/users/siyangming/PlanteccDNADB/eccDNA_results/Oryza_sativa/markduplicates/bam/ecc-ct-R2.md.bam	/data1/users/siyangming/PlanteccDNADB/eccDNA_results/Oryza_sativa/markduplicates/bam/ecc-ct-R2.md.bam.bai	/data1/users/siyangming/PlanteccDNADB/eccDNA_results/Oryza_sativa/circlefinder
Oryza_sativa	ecc-dt4-L1	/data1/users/siyangming/PlanteccDNADB/eccDNA_results/Oryza_sativa/markduplicates/bam/ecc-dt4-L1.md.bam	/data1/users/siyangming/PlanteccDNADB/eccDNA_results/Oryza_sativa/markduplicates/bam/ecc-dt4-L1.md.bam.bai	/data1/users/siyangming/PlanteccDNADB/eccDNA_results/Oryza_sativa/circlefinder
Oryza_sativa	ecc-dt4-L2	/data1/users/siyangming/PlanteccDNADB/eccDNA_results/Oryza_sativa/markduplicates/bam/ecc-dt4-L2.md.bam	/data1/users/siyangming/PlanteccDNADB/eccDNA_results/Oryza_sativa/markduplicates/bam/ecc-dt4-L2.md.bam.bai	/data1/users/siyangming/PlanteccDNADB/eccDNA_results/Oryza_sativa/circlefinder
Oryza_sativa	ecc-dt4-R1	/data1/users/siyangming/PlanteccDNADB/eccDNA_results/Oryza_sativa/markduplicates/bam/ecc-dt4-R1.md.bam	/data1/users/siyangming/PlanteccDNADB/eccDNA_results/Oryza_sativa/markduplicates/bam/ecc-dt4-R1.md.bam.bai	/data1/users/siyangming/PlanteccDNADB/eccDNA_results/Oryza_sativa/circlefinder
Oryza_sativa	ecc-dt4-R2	/data1/users/siyangming/PlanteccDNADB/eccDNA_results/Oryza_sativa/markduplicates/bam/ecc-dt4-R2.md.bam	/data1/users/siyangming/PlanteccDNADB/eccDNA_results/Oryza_sativa/markduplicates/bam/ecc-dt4-R2.md.bam.bai	/data1/users/siyangming/PlanteccDNADB/eccDNA_results/Oryza_sativa/circlefinder
Oryza_sativa_Huazhan	ecc-ct-L1	/data1/users/siyangming/PlanteccDNADB/eccDNA_results/Oryza_sativa_Huazhan/markduplicates/bam/ecc-ct-L1.md.bam	/data1/users/siyangming/PlanteccDNADB/eccDNA_results/Oryza_sativa_Huazhan/markduplicates/bam/ecc-ct-L1.md.bam.bai	/data1/users/siyangming/PlanteccDNADB/eccDNA_results/Oryza_sativa_Huazhan/circlefinder
Oryza_sativa_Huazhan	ecc-ct-L2	/data1/users/siyangming/PlanteccDNADB/eccDNA_results/Oryza_sativa_Huazhan/markduplicates/bam/ecc-ct-L2.md.bam	/data1/users/siyangming/PlanteccDNADB/eccDNA_results/Oryza_sativa_Huazhan/markduplicates/bam/ecc-ct-L2.md.bam.bai	/data1/users/siyangming/PlanteccDNADB/eccDNA_results/Oryza_sativa_Huazhan/circlefinder
Oryza_sativa_Huazhan	ecc-ct-R1	/data1/users/siyangming/PlanteccDNADB/eccDNA_results/Oryza_sativa_Huazhan/markduplicates/bam/ecc-ct-R1.md.bam	/data1/users/siyangming/PlanteccDNADB/eccDNA_results/Oryza_sativa_Huazhan/markduplicates/bam/ecc-ct-R1.md.bam.bai	/data1/users/siyangming/PlanteccDNADB/eccDNA_results/Oryza_sativa_Huazhan/circlefinder
Oryza_sativa_Huazhan	ecc-ct-R2	/data1/users/siyangming/PlanteccDNADB/eccDNA_results/Oryza_sativa_Huazhan/markduplicates/bam/ecc-ct-R2.md.bam	/data1/users/siyangming/PlanteccDNADB/eccDNA_results/Oryza_sativa_Huazhan/markduplicates/bam/ecc-ct-R2.md.bam.bai	/data1/users/siyangming/PlanteccDNADB/eccDNA_results/Oryza_sativa_Huazhan/circlefinder
Oryza_sativa_Huazhan	ecc-dt4-L1	/data1/users/siyangming/PlanteccDNADB/eccDNA_results/Oryza_sativa_Huazhan/markduplicates/bam/ecc-dt4-L1.md.bam	/data1/users/siyangming/PlanteccDNADB/eccDNA_results/Oryza_sativa_Huazhan/markduplicates/bam/ecc-dt4-L1.md.bam.bai	/data1/users/siyangming/PlanteccDNADB/eccDNA_results/Oryza_sativa_Huazhan/circlefinder
Oryza_sativa_Huazhan	ecc-dt4-L2	/data1/users/siyangming/PlanteccDNADB/eccDNA_results/Oryza_sativa_Huazhan/markduplicates/bam/ecc-dt4-L2.md.bam	/data1/users/siyangming/PlanteccDNADB/eccDNA_results/Oryza_sativa_Huazhan/markduplicates/bam/ecc-dt4-L2.md.bam.bai	/data1/users/siyangming/PlanteccDNADB/eccDNA_results/Oryza_sativa_Huazhan/circlefinder
Oryza_sativa_Huazhan	ecc-dt4-R1	/data1/users/siyangming/PlanteccDNADB/eccDNA_results/Oryza_sativa_Huazhan/markduplicates/bam/ecc-dt4-R1.md.bam	/data1/users/siyangming/PlanteccDNADB/eccDNA_results/Oryza_sativa_Huazhan/markduplicates/bam/ecc-dt4-R1.md.bam.bai	/data1/users/siyangming/PlanteccDNADB/eccDNA_results/Oryza_sativa_Huazhan/circlefinder
Oryza_sativa_Huazhan	ecc-dt4-R2	/data1/users/siyangming/PlanteccDNADB/eccDNA_results/Oryza_sativa_Huazhan/markduplicates/bam/ecc-dt4-R2.md.bam	/data1/users/siyangming/PlanteccDNADB/eccDNA_results/Oryza_sativa_Huazhan/markduplicates/bam/ecc-dt4-R2.md.bam.bai	/data1/users/siyangming/PlanteccDNADB/eccDNA_results/Oryza_sativa_Huazhan/circlefinder
Solanum_lycopersicum	CRR1082977	/data1/users/siyangming/PlanteccDNADB/eccDNA_results/Solanum_lycopersicum/markduplicates/bam/CRR1082977.md.bam	/data1/users/siyangming/PlanteccDNADB/eccDNA_results/Solanum_lycopersicum/markduplicates/bam/CRR1082977.md.bam.bai	/data1/users/siyangming/PlanteccDNADB/eccDNA_results/Solanum_lycopersicum/circlefinder
Solanum_lycopersicum	CRR1082978	/data1/users/siyangming/PlanteccDNADB/eccDNA_results/Solanum_lycopersicum/markduplicates/bam/CRR1082978.md.bam	/data1/users/siyangming/PlanteccDNADB/eccDNA_results/Solanum_lycopersicum/markduplicates/bam/CRR1082978.md.bam.bai	/data1/users/siyangming/PlanteccDNADB/eccDNA_results/Solanum_lycopersicum/circlefinder
Solanum_lycopersicum	CRR1082979	/data1/users/siyangming/PlanteccDNADB/eccDNA_results/Solanum_lycopersicum/markduplicates/bam/CRR1082979.md.bam	/data1/users/siyangming/PlanteccDNADB/eccDNA_results/Solanum_lycopersicum/markduplicates/bam/CRR1082979.md.bam.bai	/data1/users/siyangming/PlanteccDNADB/eccDNA_results/Solanum_lycopersicum/circlefinder
Solanum_lycopersicum	CRR1082980	/data1/users/siyangming/PlanteccDNADB/eccDNA_results/Solanum_lycopersicum/markduplicates/bam/CRR1082980.md.bam	/data1/users/siyangming/PlanteccDNADB/eccDNA_results/Solanum_lycopersicum/markduplicates/bam/CRR1082980.md.bam.bai	/data1/users/siyangming/PlanteccDNADB/eccDNA_results/Solanum_lycopersicum/circlefinder
Solanum_lycopersicum	CRR924678	/data1/users/siyangming/PlanteccDNADB/eccDNA_results/Solanum_lycopersicum/markduplicates/bam/CRR924678.md.bam	/data1/users/siyangming/PlanteccDNADB/eccDNA_results/Solanum_lycopersicum/markduplicates/bam/CRR924678.md.bam.bai	/data1/users/siyangming/PlanteccDNADB/eccDNA_results/Solanum_lycopersicum/circlefinder
Solanum_lycopersicum	CRR924679	/data1/users/siyangming/PlanteccDNADB/eccDNA_results/Solanum_lycopersicum/markduplicates/bam/CRR924679.md.bam	/data1/users/siyangming/PlanteccDNADB/eccDNA_results/Solanum_lycopersicum/markduplicates/bam/CRR924679.md.bam.bai	/data1/users/siyangming/PlanteccDNADB/eccDNA_results/Solanum_lycopersicum/circlefinder
