dataset	sample	rows	output	status
Arabidopsis_thaliana	ERR1830498	520	/data1/users/siyangming/PlanteccDNADB/eccDNA_results/Arabidopsis_thaliana/circlefinder/ERR1830498.microDNA-JT.txt	completed
Arabidopsis_thaliana	ERR1830499	2059	/data1/users/siyangming/PlanteccDNADB/eccDNA_results/Arabidopsis_thaliana/circlefinder/ERR1830499.microDNA-JT.txt	completed
Arabidopsis_thaliana	ERR1830500	228	/data1/users/siyangming/PlanteccDNADB/eccDNA_results/Arabidopsis_thaliana/circlefinder/ERR1830500.microDNA-JT.txt	completed
Arabidopsis_thaliana	ERR1830501	2181	/data1/users/siyangming/PlanteccDNADB/eccDNA_results/Arabidopsis_thaliana/circlefinder/ERR1830501.microDNA-JT.txt	completed
Arabidopsis_thaliana	ERR6326000	2812	/data1/users/siyangming/PlanteccDNADB/eccDNA_results/Arabidopsis_thaliana/circlefinder/ERR6326000.microDNA-JT.txt	completed
Arabidopsis_thaliana	ERR6326075	6800	/data1/users/siyangming/PlanteccDNADB/eccDNA_results/Arabidopsis_thaliana/circlefinder/ERR6326075.microDNA-JT.txt	completed
Arabidopsis_thaliana	ERR6326076	4639	/data1/users/siyangming/PlanteccDNADB/eccDNA_results/Arabidopsis_thaliana/circlefinder/ERR6326076.microDNA-JT.txt	completed
Arabidopsis_thaliana	ERR6326077	2465	/data1/users/siyangming/PlanteccDNADB/eccDNA_results/Arabidopsis_thaliana/circlefinder/ERR6326077.microDNA-JT.txt	completed
Arabidopsis_thaliana	ERR6559223	2812	/data1/users/siyangming/PlanteccDNADB/eccDNA_results/Arabidopsis_thaliana/circlefinder/ERR6559223.microDNA-JT.txt	completed
Arabidopsis_thaliana	ERR9968613	13221	/data1/users/siyangming/PlanteccDNADB/eccDNA_results/Arabidopsis_thaliana/circlefinder/ERR9968613.microDNA-JT.txt	completed
Arabidopsis_thaliana	ERR9968689	27675	/data1/users/siyangming/PlanteccDNADB/eccDNA_results/Arabidopsis_thaliana/circlefinder/ERR9968689.microDNA-JT.txt	completed
Arabidopsis_thaliana	ERR9968690	20696	/data1/users/siyangming/PlanteccDNADB/eccDNA_results/Arabidopsis_thaliana/circlefinder/ERR9968690.microDNA-JT.txt	completed
Arabidopsis_thaliana	ERR9968691	17924	/data1/users/siyangming/PlanteccDNADB/eccDNA_results/Arabidopsis_thaliana/circlefinder/ERR9968691.microDNA-JT.txt	completed
Arabidopsis_thaliana	ERR9968692	20611	/data1/users/siyangming/PlanteccDNADB/eccDNA_results/Arabidopsis_thaliana/circlefinder/ERR9968692.microDNA-JT.txt	completed
Arabidopsis_thaliana	ERR9968693	23819	/data1/users/siyangming/PlanteccDNADB/eccDNA_results/Arabidopsis_thaliana/circlefinder/ERR9968693.microDNA-JT.txt	completed
Arabidopsis_thaliana	SRR10163228	13779	/data1/users/siyangming/PlanteccDNADB/eccDNA_results/Arabidopsis_thaliana/circlefinder/SRR10163228.microDNA-JT.txt	completed
Arabidopsis_thaliana	SRR10163229	11510	/data1/users/siyangming/PlanteccDNADB/eccDNA_results/Arabidopsis_thaliana/circlefinder/SRR10163229.microDNA-JT.txt	completed
Arabidopsis_thaliana	SRR10163230	9893	/data1/users/siyangming/PlanteccDNADB/eccDNA_results/Arabidopsis_thaliana/circlefinder/SRR10163230.microDNA-JT.txt	completed
Arabidopsis_thaliana	SRR10163231	6720	/data1/users/siyangming/PlanteccDNADB/eccDNA_results/Arabidopsis_thaliana/circlefinder/SRR10163231.microDNA-JT.txt	completed
Arabidopsis_thaliana	SRR10163232	7847	/data1/users/siyangming/PlanteccDNADB/eccDNA_results/Arabidopsis_thaliana/circlefinder/SRR10163232.microDNA-JT.txt	completed
Arabidopsis_thaliana	SRR10163233	13801	/data1/users/siyangming/PlanteccDNADB/eccDNA_results/Arabidopsis_thaliana/circlefinder/SRR10163233.microDNA-JT.txt	completed
Arabidopsis_thaliana	SRR10163234	732	/data1/users/siyangming/PlanteccDNADB/eccDNA_results/Arabidopsis_thaliana/circlefinder/SRR10163234.microDNA-JT.txt	completed
Arabidopsis_thaliana	SRR10163235	12951	/data1/users/siyangming/PlanteccDNADB/eccDNA_results/Arabidopsis_thaliana/circlefinder/SRR10163235.microDNA-JT.txt	completed
Arabidopsis_thaliana	SRR10163236	1709	/data1/users/siyangming/PlanteccDNADB/eccDNA_results/Arabidopsis_thaliana/circlefinder/SRR10163236.microDNA-JT.txt	completed
Arabidopsis_thaliana	SRR10163237	1400	/data1/users/siyangming/PlanteccDNADB/eccDNA_results/Arabidopsis_thaliana/circlefinder/SRR10163237.microDNA-JT.txt	completed
Arabidopsis_thaliana	SRR10163238	14685	/data1/users/siyangming/PlanteccDNADB/eccDNA_results/Arabidopsis_thaliana/circlefinder/SRR10163238.microDNA-JT.txt	completed
Arabidopsis_thaliana	SRR10163239	7036	/data1/users/siyangming/PlanteccDNADB/eccDNA_results/Arabidopsis_thaliana/circlefinder/SRR10163239.microDNA-JT.txt	completed
Arabidopsis_thaliana	SRR24335743	5833	/data1/users/siyangming/PlanteccDNADB/eccDNA_results/Arabidopsis_thaliana/circlefinder/SRR24335743.microDNA-JT.txt	completed
Arabidopsis_thaliana	SRR24335744	23819	/data1/users/siyangming/PlanteccDNADB/eccDNA_results/Arabidopsis_thaliana/circlefinder/SRR24335744.microDNA-JT.txt	completed
Arabidopsis_thaliana	SRR24335745	20611	/data1/users/siyangming/PlanteccDNADB/eccDNA_results/Arabidopsis_thaliana/circlefinder/SRR24335745.microDNA-JT.txt	completed
Arabidopsis_thaliana	SRR24335746	493	/data1/users/siyangming/PlanteccDNADB/eccDNA_results/Arabidopsis_thaliana/circlefinder/SRR24335746.microDNA-JT.txt	completed
Arabidopsis_thaliana	SRR24335747	20696	/data1/users/siyangming/PlanteccDNADB/eccDNA_results/Arabidopsis_thaliana/circlefinder/SRR24335747.microDNA-JT.txt	completed
Arabidopsis_thaliana	SRR24335748	472	/data1/users/siyangming/PlanteccDNADB/eccDNA_results/Arabidopsis_thaliana/circlefinder/SRR24335748.microDNA-JT.txt	completed
Arabidopsis_thaliana	SRR24335752	27675	/data1/users/siyangming/PlanteccDNADB/eccDNA_results/Arabidopsis_thaliana/circlefinder/SRR24335752.microDNA-JT.txt	completed
Arabidopsis_thaliana	SRR24335763	5478	/data1/users/siyangming/PlanteccDNADB/eccDNA_results/Arabidopsis_thaliana/circlefinder/SRR24335763.microDNA-JT.txt	completed
Arabidopsis_thaliana	SRR24335766	54	/data1/users/siyangming/PlanteccDNADB/eccDNA_results/Arabidopsis_thaliana/circlefinder/SRR24335766.microDNA-JT.txt	completed
Arabidopsis_thaliana	SRR24335767	136	/data1/users/siyangming/PlanteccDNADB/eccDNA_results/Arabidopsis_thaliana/circlefinder/SRR24335767.microDNA-JT.txt	completed
Arabidopsis_thaliana	SRR24335768	6276	/data1/users/siyangming/PlanteccDNADB/eccDNA_results/Arabidopsis_thaliana/circlefinder/SRR24335768.microDNA-JT.txt	completed
Arabidopsis_thaliana	SRR24335769	173	/data1/users/siyangming/PlanteccDNADB/eccDNA_results/Arabidopsis_thaliana/circlefinder/SRR24335769.microDNA-JT.txt	completed
Arabidopsis_thaliana	SRR24335770	875	/data1/users/siyangming/PlanteccDNADB/eccDNA_results/Arabidopsis_thaliana/circlefinder/SRR24335770.microDNA-JT.txt	completed
Arabidopsis_thaliana	SRR24335771	17924	/data1/users/siyangming/PlanteccDNADB/eccDNA_results/Arabidopsis_thaliana/circlefinder/SRR24335771.microDNA-JT.txt	completed
Arabidopsis_thaliana	SRR24335772	8643	/data1/users/siyangming/PlanteccDNADB/eccDNA_results/Arabidopsis_thaliana/circlefinder/SRR24335772.microDNA-JT.txt	completed
Arabidopsis_thaliana	SRR24335773	13156	/data1/users/siyangming/PlanteccDNADB/eccDNA_results/Arabidopsis_thaliana/circlefinder/SRR24335773.microDNA-JT.txt	completed
Arabidopsis_thaliana	SRR24335774	3514	/data1/users/siyangming/PlanteccDNADB/eccDNA_results/Arabidopsis_thaliana/circlefinder/SRR24335774.microDNA-JT.txt	completed
Arabidopsis_thaliana	SRR24335775	13221	/data1/users/siyangming/PlanteccDNADB/eccDNA_results/Arabidopsis_thaliana/circlefinder/SRR24335775.microDNA-JT.txt	completed
Artemisia_annua	ERR11535563	546	/data1/users/siyangming/PlanteccDNADB/eccDNA_results/Artemisia_annua/circlefinder/ERR11535563.microDNA-JT.txt	completed
Artemisia_annua	ERR11535564	712	/data1/users/siyangming/PlanteccDNADB/eccDNA_results/Artemisia_annua/circlefinder/ERR11535564.microDNA-JT.txt	completed
Artemisia_annua	ERR11535565	646	/data1/users/siyangming/PlanteccDNADB/eccDNA_results/Artemisia_annua/circlefinder/ERR11535565.microDNA-JT.txt	completed
Beta_vulgaris	ERR6004146	23317	/data1/users/siyangming/PlanteccDNADB/eccDNA_results/Beta_vulgaris/circlefinder/ERR6004146.microDNA-JT.txt	completed
Cynodon_dactylon	CRR3168885	2399	/data1/users/siyangming/PlanteccDNADB/eccDNA_results/Cynodon_dactylon/circlefinder/CRR3168885.microDNA-JT.txt	completed
Cynodon_dactylon	CRR3168886	1638	/data1/users/siyangming/PlanteccDNADB/eccDNA_results/Cynodon_dactylon/circlefinder/CRR3168886.microDNA-JT.txt	completed
Cynodon_dactylon	CRR3168887	13954	/data1/users/siyangming/PlanteccDNADB/eccDNA_results/Cynodon_dactylon/circlefinder/CRR3168887.microDNA-JT.txt	completed
Cynodon_dactylon	CRR3168888	1714	/data1/users/siyangming/PlanteccDNADB/eccDNA_results/Cynodon_dactylon/circlefinder/CRR3168888.microDNA-JT.txt	completed
Cynodon_dactylon	CRR3168889	1644	/data1/users/siyangming/PlanteccDNADB/eccDNA_results/Cynodon_dactylon/circlefinder/CRR3168889.microDNA-JT.txt	completed
Cynodon_dactylon	CRR3168890	2744	/data1/users/siyangming/PlanteccDNADB/eccDNA_results/Cynodon_dactylon/circlefinder/CRR3168890.microDNA-JT.txt	completed
Daucus_carota	SRR13922189	5	/data1/users/siyangming/PlanteccDNADB/eccDNA_results/Daucus_carota/circlefinder/SRR13922189.microDNA-JT.txt	completed
Daucus_carota	SRR13922190	26	/data1/users/siyangming/PlanteccDNADB/eccDNA_results/Daucus_carota/circlefinder/SRR13922190.microDNA-JT.txt	completed
Daucus_carota	SRR13922191	2	/data1/users/siyangming/PlanteccDNADB/eccDNA_results/Daucus_carota/circlefinder/SRR13922191.microDNA-JT.txt	completed
Daucus_carota	SRR13922192	10	/data1/users/siyangming/PlanteccDNADB/eccDNA_results/Daucus_carota/circlefinder/SRR13922192.microDNA-JT.txt	completed
Lycium_ruthenicum	CRR1082975	36108	/data1/users/siyangming/PlanteccDNADB/eccDNA_results/Lycium_ruthenicum/circlefinder/CRR1082975.microDNA-JT.txt	completed
Lycium_ruthenicum	CRR1082976	78041	/data1/users/siyangming/PlanteccDNADB/eccDNA_results/Lycium_ruthenicum/circlefinder/CRR1082976.microDNA-JT.txt	completed
Nicotiana_benthamiana	SRR32429746	3744	/data1/users/siyangming/PlanteccDNADB/eccDNA_results/Nicotiana_benthamiana/circlefinder/SRR32429746.microDNA-JT.txt	completed
Nicotiana_benthamiana	SRR32429747	1979	/data1/users/siyangming/PlanteccDNADB/eccDNA_results/Nicotiana_benthamiana/circlefinder/SRR32429747.microDNA-JT.txt	completed
Nicotiana_benthamiana	SRR32429748	1953	/data1/users/siyangming/PlanteccDNADB/eccDNA_results/Nicotiana_benthamiana/circlefinder/SRR32429748.microDNA-JT.txt	completed
Oryza_sativa	ERR10889838	4545	/data1/users/siyangming/PlanteccDNADB/eccDNA_results/Oryza_sativa/circlefinder/ERR10889838.microDNA-JT.txt	completed
Oryza_sativa	ERR10889842	418852	/data1/users/siyangming/PlanteccDNADB/eccDNA_results/Oryza_sativa/circlefinder/ERR10889842.microDNA-JT.txt	completed
